p.value,m.z,t.score,r.t,pos_inx
1.63e-09,201.0228,20.57600608,4.555,0
3.49e-09,461.1074,19.02935788,3.814,1
3.83e-09,461.1078,18.84692465,3.304,1
4.02e-09,201.0227,18.75227793,4.086,0
6.21e-09,1122.0249,17.93527437,4.032,0
6.59e-09,435.1282,17.82712829,4.891,1
7.19e-09,459.093,17.66659084,3.801,0
1.34e-08,1122.0248,16.5680405,4.125,0
1.75e-08,431.0972,16.11389519,4.035,1
5.53e-08,429.0815,14.30093534,4.032,0
5.82e-08,433.113,14.22305494,4.886,0
6.61e-08,431.0966,14.0362153,3.757,1
7.15e-08,297.0975,13.92122564,4.498,0
8.14e-08,429.082,13.73217442,3.756,0
1.16e-07,497.0695,13.23504604,3.785,0
1.67e-07,431.0964,12.7318993,3.273,1
2.07e-07,433.1123,12.44558914,3.32,1
3.23e-07,429.083,11.870765,3.201,0
3.89e-07,447.0916,11.63889139,4.229,1
4.08e-07,271.0596,11.58009441,4.449,1
4.61e-07,316.1385,11.42889909,4.504,1
5.35e-07,335.0244,11.24879999,4.36,0
6.34e-07,433.1121,11.04553027,3.884,1
9e-07,253.0503,10.6367442,5.048,0
1.17e-06,297.09753,10.34340338,4.072,0
1.45e-06,333.0066,10.10377884,3.893,0
1.49e-06,525.0334,10.06744586,3.606,0
1.55e-06,509.0409,10.02414972,3.291,0
1.84e-06,333.0047,9.840711132,4.33,0
3.15e-06,255.0655,9.275176035,5.039,1
3.58e-06,431.0979,9.146267899,3.907,0
4.62e-06,365.0863,8.889568859,4.095,0
8.19e-06,509.0384,8.337022198,0.699,0
8.38e-06,639.0783,8.315119514,3.758,0
3.13e-05,605.1126,7.143169581,3.023,0
3.36e-05,257.0816,7.084908476,6.056,0
4.51e-05,521.1082,6.840536791,4.508,0
4.57e-05,445.0782,6.830647931,4.484,0
9.79e-05,493.1666,6.227473803,4.573,0
0.000119,393.0495,6.076525934,3.605,0
0.000868,217.0172,4.679863635,4.4,0
0.00105,234.1122,-4.552660094,4.883,1
0.00117,617.1836,4.484883029,4.515,0
0.00125,433.1136,4.442152595,4.519,0
0.00251,366.0851,4.001610688,4.55,0
0.00273,363.021,3.950894139,3.933,0
0.00289,449.1074,3.91424944,4.301,0
0.00314,449.1046,3.864035829,3.633,1
0.0032,447.0928,3.852655179,3.777,0
0.00339,255.0674,3.816934318,5.078,0
0.0065,330.2275,3.424396086,4.829,1
0.00835,357.1179,-3.275816674,3.698,1
0.00873,277.1432,3.249539983,7.079,1
0.00988,449.1059,3.176540492,4.17,1
0.0108,576.1384,-3.123051707,0.705,0
0.0113,363.0234,3.098551155,4.453,0
0.0118,572.2105,-3.073439066,4.512,0
0.0139,159.1492,2.976789157,0.608,1
0.0141,359.1353,-2.967480237,0.806,0
0.015,373.1141,-2.930087385,3.685,0
0.0153,302.1959,2.921904058,0.798,1
0.018,250.1107,-2.823863624,3.546,1
0.023,413.1426,-2.683601424,4.219,0
0.0234,413.14263,-2.673485208,4.51,0
0.0253,429.2112,-2.626168301,4.041,1
0.0256,427.197,-2.619251144,3.64,0
0.0263,178.0524,-2.604367209,2.721,0
0.0271,691.3179,-2.587561874,4.171,0
0.0283,142.0862,2.561154236,0.71,1
0.0286,230.9902,-2.555970837,0.718,1
0.0288,433.0646,2.550533598,4.045,0
0.0289,405.0469,-2.549860314,0.697,0
0.0305,447.092,2.51792448,4.187,0
0.0306,206.9967,-2.516754912,2.418,0
0.0309,361.1499,-2.509861998,3.066,0
0.0321,345.1933,-2.488524211,4.201,0
0.0325,345.1554,-2.481437902,4.506,0
0.0353,369.0829,-2.431822136,3.476,0
0.0356,175.0241,-2.426976578,0.753,0
0.0385,427.1972,-2.38227928,4.049,0
0.0397,219.1705,-2.36394909,0.65,1
0.0399,303.0862,-2.360902102,4.684,1
0.04,241.1189,2.359263551,3.536,0
0.0402,385.1464,-2.356237569,0.793,1
0.0407,493.0631,-2.349189019,3.69,0
0.0432,427.1967,-2.313637962,4.894,0
0.044,261.039,2.304028637,0.66,0
0.0445,243.1349,2.29645811,3.353,0
0.0449,217.0173,2.29167466,3.88,0
0.0456,265.1278,2.282353177,3.383,1
0.0477,369.1289,2.255945535,3.506,1
0.0486,160.0967,-2.244399286,0.691,1
0.0487,394.1701,-2.243519044,3.105,1
0.0488,681.2357,2.242284693,4.115,0
0.0488,271.1656,2.242980831,4.57,1
0.0494,413.1436,-2.235339825,3.2,0
0.0516,336.1323,-2.209829989,3.647,0
0.0517,303.0178,-2.20796495,3.212,0
0.0519,387.1489,2.205787908,5.77,0
0.0521,188.0021,2.203965783,0.665,0
0.0544,447.0921,2.177899526,4.067,0
0.0548,274.1833,2.17381953,5.809,1
0.0558,223.0623,-2.162975714,0.802,0
0.0568,303.0177,-2.153008826,0.795,0
0.0569,208.0615,-2.151359637,3.836,0
0.057,170.0926,2.151091828,0.62,1
0.0582,845.2477,-2.138351248,4.186,0
0.0583,181.0507,-2.137329969,4.062,0
0.0593,243.1339,2.127011773,3.536,1
0.0603,292.1575,-2.116895631,3.656,1
0.0605,189.1684,2.114972208,0.616,1
0.0611,392.1549,-2.109266464,3.207,1
0.0621,505.2452,2.099394757,7.002,0
0.063,579.2066,-2.091597849,4.211,0
0.063,192.1052,2.091298787,3.316,1
0.063,220.1367,2.090957372,4.453,1
0.0631,477.1039,-2.090525079,4.686,0
0.0638,331.1218,-2.083391037,3.932,0
0.0638,192.0659,-2.084159184,4.563,1
0.064,569.0928,-2.081396657,2.988,0
0.0646,203.0021,-2.076658067,0.801,0
0.0663,447.0919,2.060379333,4.504,0
0.0672,311.1488,-2.052775421,4.505,1
0.0676,415.1607,-2.04898182,0.797,0
0.0677,265.0184,-2.048118277,2.828,0
0.0679,364.1964,-2.046515938,4.526,1
0.069,135.0441,-2.036570962,3.831,1
0.0695,195.0647,-2.032638391,0.814,1
0.0696,241.1193,2.031990926,2.896,0
0.0698,465.0845,-2.029774845,4.208,0
0.0699,375.1278,-2.029206544,3.109,0
0.0699,531.0773,2.029595086,4.532,0
0.0702,347.059,-2.026361096,0.674,0
0.0706,251.1276,2.02280027,5.991,1
0.0723,245.1494,2.008767037,3.787,1
0.0724,499.0756,-2.008251334,0.705,0
0.0726,449.1076,2.006572985,4.454,1
0.0729,287.1967,-2.004301962,0.655,1
0.0732,181.0503,-2.001250629,4.495,0
0.0734,281.1131,1.999997767,3.801,1
0.0741,369.1292,1.994565822,3.953,1
0.0742,277.052,1.993031981,0.659,0
0.0742,402.2846,1.993324355,5.623,1
0.0762,413.144,-1.97709144,3.692,0
0.0762,495.2232,1.977490353,5.846,0
0.0764,342.173,1.975552482,5.69,1
0.0765,375.1294,-1.975112578,0.798,0
0.0769,318.1909,1.971863357,0.803,1
0.077,144.1023,-1.971236162,0.656,1
0.0783,441.1026,-1.961082124,3.212,0
0.0799,215.0021,1.948677756,3.307,0
0.0803,372.0951,-1.945704733,0.795,0
0.0807,243.1344,1.94314945,3.787,0
0.0807,398.1138,-1.942616727,3.137,1
0.0812,457.2496,1.938833984,6.911,1
0.0827,233.0124,1.92819501,2.47,0
0.0829,229.1547,1.92653554,1.206,1
0.0839,255.1349,1.919229908,3.614,0
0.0862,579.2172,-1.902842154,2.935,1
0.0865,383.0324,1.901184296,2.787,0
0.087,312.2166,-1.897115909,4.927,1
0.088,246.1531,1.890591919,5.399,0
0.0887,257.1495,1.885741842,4.039,1
0.089,459.0924,-1.88337371,4.452,0
0.0904,229.15476,1.87381859,2.116,1
0.0908,245.1495,1.871176915,3.326,1
0.0912,211.0611,-1.868747204,3.158,0
0.0917,330.0287,-1.865203193,3.095,0
0.092,464.0663,-1.863258617,2.822,0
0.0926,209.0532,-1.859337603,3.773,0
0.0929,255.13495,1.857172161,4.042,0
0.0929,393.0776,-1.857185983,3.464,0
0.0929,507.2231,-1.857623377,6.98,0
0.0952,363.0756,-1.842301958,0.658,0
0.0956,248.1679,1.83992604,5.389,1
0.096,227.0559,-1.837385006,0.8,0
0.0962,287.0195,1.836304922,0.66,0
0.0962,501.2122,-1.835862194,5.698,0
0.0963,203.139,1.83571502,0.665,1
0.0964,424.0493,1.834731401,0.721,0
0.0973,471.0822,-1.829179002,3.708,0
0.0977,194.0491,-1.826457337,4.031,0
0.0978,220.0979,1.825848312,4.733,0
0.0985,193.0353,1.821656427,5.465,0
0.0985,403.1133,-1.821456159,4.514,0
0.0987,244.1711,-1.820703619,3.868,1
0.0989,227.06,-1.819120533,0.796,0
0.1,293.1465,-1.810371645,4.573,1
0.101,394.1707,-1.80442372,0.77,1
0.102,161.988,1.797936717,0.685,0
0.102,402.2845,1.79755209,4.888,1
0.103,357.1009,1.795222396,4.96,0
0.103,322.2005,-1.79238005,4.899,1
0.104,345.15544,-1.789436214,3.382,0
0.105,645.1893,-1.782450861,2.881,0
0.105,341.1709,1.782992958,3.522,1
0.107,279.0984,1.772104093,3.799,0
0.108,251.0128,-1.763123562,3.524,0
0.108,257.1494,1.764535454,3.646,1
0.109,361.1502,-1.756788866,3.49,0
0.11,439.1608,-1.751237961,3.725,0
0.111,199.0068,1.747508339,4.328,0
0.111,253.9903,1.748763864,0.661,0
0.111,457.097,-1.748205987,2.652,0
0.112,213.1132,1.741647659,5.201,0
0.113,151.04,1.736241208,4.082,0
0.113,230.0156,-1.737914877,0.793,0
0.113,553.1926,1.73551529,5.396,0
0.113,462.1965,1.738762123,5.965,1
0.114,437.18,1.732571901,7.078,0
0.115,182.0458,1.724005225,0.803,0
0.116,273.0073,-1.720773867,0.807,0
0.118,448.2321,-1.70908534,4.67,1
0.119,275.0569,-1.706778615,0.663,0
0.119,145.0648,-1.707041555,5.215,1
0.12,215.0163,-1.70177571,0.719,1
0.121,327.0685,-1.696776255,0.734,1
0.122,218.0821,-1.689867929,5.22,0
0.123,246.0433,-1.682713492,0.669,0
0.123,407.0405,-1.682678771,4.991,0
0.127,427.0844,-1.662317849,2.991,0
0.129,371.0978,-1.655304353,3.481,0
0.13,144.1283,-1.651774753,0.662,1
0.132,293.0331,-1.64098537,2.576,0
0.132,511.2181,1.638843326,5.843,0
0.135,343.1396,-1.627315945,5.368,0
0.136,585.0184,1.619609206,3.643,0
0.137,144.0655,-1.617285982,0.707,1
0.137,281.1128,1.615037353,0.765,1
0.138,436.1596,1.611955983,4.464,1
0.139,168.0302,1.607750053,2.597,0
0.139,514.2642,1.607460473,5.844,1
0.14,336.0493,-1.601095314,0.662,0
0.141,331.0274,1.596496466,0.668,0
0.142,76.0757,-1.593179073,0.642,1
0.143,319.1396,1.589178602,5.493,0
0.143,350.088,1.590390142,3.952,0
0.144,161.9866,1.584625529,2.133,0
0.145,411.1654,-1.581587309,4.559,0
0.145,318.2093,1.581173652,5.034,1
0.146,417.1173,1.577428747,4.046,0
0.147,368.0998,1.571306566,0.802,0
0.147,235.0574,-1.572223107,3.619,1
0.148,211.0971,-1.566351919,3.846,0
0.148,281.113,1.565681919,3.046,1
0.148,389.1625,1.568860255,5.768,1
0.149,343.1003,-1.564547785,0.795,1
0.15,526.2647,-1.557496716,6.979,1
0.151,137.0248,-1.55463139,0.733,0
0.153,247.0798,-1.547076705,4.12,0
0.153,514.1698,-1.545553422,4.543,0
0.154,306.1703,-1.542258514,4.74,1
0.156,246.9913,1.533449535,0.705,0
0.159,392.15496,-1.521432914,3.682,1
0.16,383.133,-1.518922057,0.792,1
0.162,475.2467,1.511393113,4.955,1
0.163,913.2118,-1.505029106,3.895,0
0.163,288.2295,1.506909027,5.182,1
0.164,853.2516,-1.503547897,4.121,0
0.164,366.1134,1.502135666,3.129,1
0.165,263.0272,-1.499876145,2.81,0
0.165,275.0224,-1.499251724,3.427,0
0.165,303.0532,-1.499540557,0.705,0
0.165,371.0976,-1.499976844,0.801,0
0.165,377.0526,-1.497257723,0.697,0
0.165,423.0571,-1.499045442,0.703,0
0.165,555.0787,-1.499895085,2.996,0
0.169,302.0532,1.483825029,0.694,0
0.169,572.2333,-1.482329277,5.399,1
0.17,217.1081,1.479185011,3.912,0
0.17,359.13539,-1.478669603,3.002,0
0.17,485.0499,1.478948248,4.198,0
0.17,271.1653,1.480368692,4.288,1
0.173,741.1857,-1.468971182,3.018,0
0.173,156.0769,1.466904769,0.621,1
0.173,316.248,1.46839419,6.107,1
0.174,377.0353,-1.464103849,0.713,0
0.176,336.1214,1.457169103,3.081,0
0.176,459.1504,1.456993269,4.33,0
0.177,270.183,-1.451550566,4.814,1
0.18,299.1247,1.442748254,0.784,0
0.18,443.1557,1.442549197,5.98,0
0.18,457.0963,-1.441183017,2.367,0
0.181,229.0704,-1.43762408,2.103,1
0.182,273.0074,-1.434428573,3.349,0
0.183,801.2549,1.429380874,4.519,0
0.183,132.0768,1.42917099,0.656,1
0.183,346.2221,-1.432376987,2.636,1
0.184,259.1651,1.427829382,4.324,1
0.185,170.0631,1.424377393,0.751,1
0.186,338.1178,-1.420751439,2.307,0
0.186,364.0972,-1.420751439,3.027,0
0.186,375.0931,-1.420751439,2.077,0
0.186,973.198,-1.420751439,3.133,0
0.187,282.1196,-1.414854203,1.153,1
0.188,356.031,1.411912168,0.667,0
0.188,403.1019,1.413682109,5.042,0
0.19,283.1657,1.407347828,5.239,0
0.191,429.1762,1.4038747,5.798,0
0.191,543.2074,-1.403385224,5.421,0
0.191,258.1834,-1.40123848,4.934,1
0.194,514.136,1.392108707,3.993,0
0.196,316.1938,1.384056091,5.631,1
0.197,345.1552,1.380615727,6.009,0
0.198,224.0563,1.377206073,0.81,0
0.198,390.1393,-1.378031419,3.49,1
0.2,343.0666,1.373380655,0.756,0
0.2,356.0987,-1.372138825,0.796,0
0.2,186.1124,-1.370884818,4.054,1
0.2,301.1391,1.371261725,0.795,1
0.201,303.072,-1.36767789,2.684,0
0.201,364.196,-1.368629472,3.31,1
0.204,487.0759,-1.359166749,2.632,0
0.205,409.0428,-1.356431653,0.71,0
0.206,361.1501,1.352830377,4.225,0
0.206,385.1498,1.352381386,5.181,0
0.207,239.1144,1.348957907,0.622,0
0.207,246.9917,1.349041924,2.802,0
0.208,244.1542,1.34517675,0.804,1
0.209,229.017,-1.342021746,4.354,0
0.21,636.1806,1.338853648,3.455,0
0.21,246.0972,-1.339386791,2.12,1
0.21,381.1534,-1.340514877,4.397,1
0.211,343.0669,1.336399282,2.881,0
0.212,133.0504,-1.331752715,0.696,0
0.212,428.0976,-1.334173315,3.601,0
0.214,359.1344,-1.327002629,4.351,0
0.215,481.2073,1.323092006,5.68,0
0.215,229.1549,1.324571585,0.669,1
0.215,457.2213,-1.323557786,5.699,1
0.216,295.0815,1.321746669,4.242,0
0.216,314.2327,1.319990085,5.619,1
0.217,269.1505,1.317006385,4.575,0
0.217,449.0698,1.316345256,2.589,0
0.217,504.2071,1.316773642,4.427,1
0.218,216.9808,-1.313963057,0.715,0
0.218,281.1142,1.314617425,4.039,0
0.218,489.2123,-1.315453232,4.076,0
0.22,144.03,1.307079556,0.697,0
0.221,136.0482,-1.305825297,0.633,1
0.221,174.1237,-1.304976966,2.04,1
0.224,278.0698,1.296537579,0.683,0
0.224,369.129,1.295431935,3.414,1
0.225,289.0702,-1.292367484,0.663,0
0.225,457.0689,-1.294395763,0.726,0
0.226,269.1506,1.290944647,4.275,0
0.226,368.0971,1.289544865,3.297,0
0.226,174.0873,1.289590608,0.814,1
0.227,289.0528,-1.286149089,0.664,0
0.227,396.1297,1.287108662,3.506,0
0.227,448.1966,-1.285871037,4.911,0
0.227,492.1884,-1.286250222,4.319,0
0.228,344.2066,1.285735815,4.021,1
0.229,299.0779,1.282251801,3.509,0
0.229,461.0863,-1.280837666,3.571,0
0.23,193.0968,1.279685977,0.764,1
0.23,436.225,-1.277975255,0.726,1
0.231,185.0819,1.275911874,4.129,0
0.231,328.0474,1.274545129,0.665,0
0.231,170.0448,1.27530563,2.599,1
0.233,258.0424,1.268251528,0.699,0
0.233,347.1678,-1.268604797,4.233,0
0.233,389.0919,1.270328941,4.531,0
0.234,439.056,1.26741391,0.753,0
0.234,287.1598,1.26702503,0.805,1
0.235,437.0526,1.262867082,5.832,0
0.238,259.057,1.256249733,0.712,0
0.238,331.0121,-1.256164302,3.56,0
0.24,177.0546,-1.24978773,3.653,1
0.24,318.1438,1.250301754,2.762,1
0.24,324.1249,1.248792579,2.964,1
0.241,293.0676,-1.247178766,0.65,0
0.241,517.0977,-1.247365891,4.399,0
0.241,137.0597,-1.245212432,3.062,1
0.242,151.045,1.242863256,4.576,0
0.243,405.118,-1.24203468,5.456,0
0.243,433.2362,1.240524607,4.04,1
0.244,515.1648,-1.236636065,5.296,0
0.247,229.0982,1.229854854,5.024,1
0.247,230.1106,-1.230112868,4.213,1
0.247,302.196,1.23030004,3.701,1
0.248,191.0201,-1.227924806,1.159,0
0.248,182.0715,-1.226422639,2.896,1
0.248,413.1411,1.227417027,0.782,1
0.249,491.191,-1.225231971,4.507,0
0.25,349.0869,-1.221196318,0.775,1
0.252,391.1968,-1.214649893,5.431,0
0.253,338.2323,1.214125488,5.729,1
0.254,328.2482,1.209063664,6.065,1
0.256,197.0453,-1.205021285,3.76,0
0.259,355.1037,-1.197380147,4.621,0
0.259,401.1094,-1.197026272,4.24,0
0.259,544.1789,-1.197701807,6.025,0
0.259,817.2886,-1.19554208,4.438,0
0.26,154.9984,1.19367602,0.703,0
0.262,184.0979,-1.188083347,4.054,0
0.262,263.1054,-1.188006488,2.91,0
0.262,276.0009,-1.187711218,3.151,0
0.264,512.2857,1.183691306,6.504,1
0.265,219.0509,-1.179524526,2.854,0
0.266,146.0456,1.177831802,0.708,0
0.266,396.1124,-1.17796777,4.459,0
0.267,513.0964,1.175977243,3.899,0
0.268,563.1044,-1.17206233,2.949,0
0.269,411.2021,-1.171077417,4.884,0
0.27,167.0795,-1.16650406,4.248,1
0.271,157.0506,1.16444717,2.959,0
0.271,226.071,1.164196492,3.019,1
0.273,229.15473,1.158911092,1.899,1
0.273,344.2431,1.159072165,4.284,1
0.273,383.0946,-1.160232341,0.768,1
0.274,272.2049,-1.157169013,4.967,1
0.276,224.0561,1.151372945,3.018,0
0.276,395.0857,-1.152495459,2.735,0
0.277,258.044,-1.148603997,2.007,0
0.277,318.191,1.149965474,3.368,1
0.277,410.1459,-1.148582881,4.445,1
0.279,339.1082,-1.144970349,4.74,0
0.279,479.0459,-1.145090379,2.443,0
0.279,272.2044,-1.145298333,4.93,1
0.28,173.9923,1.141868356,0.799,0
0.28,347.0424,-1.141174487,0.697,0
0.281,289.0363,-1.140704506,0.688,0
0.281,514.1681,-1.13897065,4.367,0
0.281,458.202,1.140441057,4.658,1
0.283,350.0889,1.135641962,3.366,0
0.283,170.0447,1.135382397,0.81,1
0.283,562.2489,-1.135771135,5.434,1
0.283,733.3859,-1.13490102,3.912,1
0.284,321.0625,-1.133238983,0.656,0
0.285,405.1518,-1.130761561,6.25,1
0.286,397.1911,-1.126880155,4.067,0
0.286,659.2045,-1.126663957,2.918,0
0.287,179.0556,-1.125573802,0.643,0
0.287,281.11289,1.125727576,0.728,1
0.288,489.0926,-1.121897143,0.758,0
0.288,302.2687,1.123165101,5.39,1
0.289,154.0621,1.120260623,0.609,0
0.289,230.0128,1.119069146,3.042,0
0.289,367.2236,1.118928424,4.071,0
0.291,493.2439,1.114765139,6.516,0
0.291,521.239,1.115475927,6.221,0
0.294,459.0843,1.107017837,2.964,0
0.296,491.2855,1.102745324,6.773,0
0.297,218.1384,-1.10032252,6.89,1
0.297,398.1452,1.099144943,4.007,1
0.298,204.0666,-1.097659104,4.532,0
0.298,365.0528,-1.098371547,0.68,0
0.298,869.3936,-1.097269299,6.15,0
0.299,417.1192,1.09506256,4.5,0
0.3,121.0646,1.092768498,4.206,1
0.301,182.04589,1.089676975,2.174,0
0.303,219.0508,-1.085159123,0.792,0
0.306,407.2799,-1.079895193,5.805,0
0.307,262.0286,1.077524456,0.664,0
0.307,403.197,-1.077305027,0.807,0
0.307,495.1174,-1.076040781,4.369,0
0.307,383.0941,-1.075725776,2.983,1
0.307,448.1978,-1.076162867,4.334,1
0.308,178.0557,-1.07510933,3.444,0
0.308,189.16,1.073055839,0.615,1
0.309,222.1134,1.072742711,5.811,0
0.309,254.1765,-1.071272456,6.358,1
0.313,193.0351,1.061723459,0.617,0
0.313,276.0018,-1.062653308,0.763,0
0.313,199.1069,-1.061724935,3.734,1
0.314,552.3496,-1.059213667,5.214,1
0.315,168.0777,1.058067178,0.606,0
0.315,221.1178,-1.058572487,5.185,0
0.316,219.0524,-1.054858912,2.85,0
0.316,607.1267,-1.055031211,3.483,0
0.317,144.0665,1.05418883,0.781,0
0.318,146.0609,-1.051235919,0.789,1
0.319,223.0969,-1.047646204,5.259,0
0.319,605.3265,-1.048591511,2.998,1
0.321,165.0557,1.043390964,4.102,0
0.321,277.0852,-1.044249771,0.658,0
0.322,264.1168,1.041081293,3.46,0
0.322,333.0634,-1.042326264,0.694,0
0.324,222.1126,1.03762316,4.749,1
0.325,245.1137,1.035177686,0.783,0
0.325,359.0566,-1.035704889,0.67,0
0.325,500.282,-1.03589807,5.708,0
0.325,153.0658,1.035417586,0.769,1
0.326,479.0506,-1.032127703,0.791,0
0.326,258.1269,-1.031923297,3.305,1
0.326,413.1052,-1.032169569,2.633,1
0.327,300.0195,-1.030579252,0.687,0
0.327,305.0863,-1.029619248,2.684,1
0.329,209.0452,-1.026413891,3.24,0
0.329,509.0519,-1.025516078,2.681,0
0.33,230.9969,-1.024452658,3.457,0
0.33,321.0622,1.023218315,3.448,0
0.33,149.0598,-1.023713272,4.188,1
0.33,191.1066,-1.023788217,5.298,1
0.33,285.1804,1.023470119,5.23,1
0.331,723.3228,-1.021660767,3.019,1
0.333,908.2639,-1.017176451,4.165,0
0.333,288.1616,1.018089868,4.254,1
0.333,354.1544,-1.01819339,3.176,1
0.333,588.3229,-1.017130368,4.257,1
0.334,197.0442,-1.014723798,3.134,0
0.334,492.1871,-1.015865245,5.243,0
0.336,384.1146,1.011736588,2.579,1
0.337,651.105,-1.008910545,3.812,1
0.338,272.2382,-1.005720802,4.968,1
0.339,373.1067,-1.004284925,2.937,0
0.339,547.1106,-1.004659,0.67,0
0.34,330.1909,1.002543687,3.491,1
0.341,577.1184,-0.999101803,2.969,0
0.342,389.0528,-0.997222769,0.7,0
0.342,455.7883,-0.996737206,4.34,1
0.343,436.1558,0.995933157,3.898,1
0.345,273.2384,-0.991300064,4.97,1
0.348,147.0298,-0.984824536,0.76,0
0.348,319.1032,-0.984359108,0.789,0
0.349,208.0646,0.981766149,0.766,0
0.349,257.153,0.982566145,5.622,1
0.351,191.0523,0.978430291,0.699,0
0.351,243.0329,-0.977813323,4.371,0
0.352,489.2111,-0.97553622,3.578,0
0.352,611.1667,0.976294078,3.462,0
0.352,680.2306,0.975729993,4.136,0
0.353,358.2585,0.974225207,4.768,1
0.356,411.20213,-0.968648159,5.398,0
0.356,363.1428,-0.967739821,4.369,1
0.357,131.0494,-0.966582795,4.532,1
0.359,191.0267,0.960451288,0.755,0
0.359,295.0806,0.961780461,3.721,0
0.36,286.1284,0.959687107,2.172,1
0.362,731.4168,-0.955720091,3.418,1
0.363,279.049,-0.954013002,3.659,0
0.363,114.0669,0.952174775,0.645,1
0.363,149.0596,-0.953848876,0.765,1
0.364,78.9585,0.951943939,0.702,0
0.366,422.0501,-0.946966747,0.727,0
0.367,345.1553,0.944747429,5.874,0
0.367,391.0993,0.944190135,4.492,0
0.368,320.0597,0.942127125,0.683,0
0.368,363.1657,0.942627862,4.345,0
0.368,530.3214,-0.942533431,4.045,1
0.369,218.9961,-0.94109258,0.686,0
0.369,210.0607,-0.94087966,1.159,1
0.37,690.3154,0.939483245,4.751,0
0.37,303.0741,-0.938478369,3.467,1
0.371,363.1658,-0.937501142,4.172,0
0.371,180.0739,-0.935933153,3.473,1
0.372,283.1287,0.934964104,4.036,1
0.373,203.002,-0.932080313,3.205,0
0.374,286.2113,-0.929645491,4.609,1
0.375,685.341,0.927560456,5.775,0
0.375,279.1332,-0.92865485,3.64,1
0.379,307.1184,0.921152112,6.294,0
0.38,369.1552,0.91758349,5.993,0
0.383,217.0486,0.913122617,0.63,0
0.383,399.0203,0.911992764,0.683,0
0.384,435.2232,0.910212279,5.611,0
0.384,439.16088,0.911097572,4.66,0
0.386,213.1234,-0.90729438,0.672,1
0.388,444.1861,0.902592389,4.37,1
0.389,421.0558,-0.900073844,3.818,0
0.389,199.1068,-0.900949443,3.168,1
0.389,398.1823,-0.900335187,5.89,1
0.39,557.2465,0.897792118,7.479,0
0.391,250.0718,-0.896965262,3.655,0
0.391,389.1043,-0.895900113,2.952,0
0.392,439.1607,0.895070122,4.307,0
0.392,163.1243,0.89381052,0.654,1
0.393,356.2429,0.892808387,5.382,1
0.394,219.0457,0.890015987,0.629,0
0.394,331.091,0.891282091,2.747,0
0.394,649.0893,0.889814169,3.836,0
0.394,180.0658,-0.890345056,3.481,1
0.395,400.1429,0.888728788,4.669,0
0.396,379.0909,-0.887561458,2.789,0
0.396,146.0614,-0.886279009,2.317,1
0.398,349.059,-0.883081676,0.669,0
0.398,464.2272,-0.882728053,0.798,1
0.398,486.2329,0.882161164,5.447,1
0.399,452.2062,0.881762238,5.052,1
0.402,274.0396,0.875796559,0.676,0
0.402,431.0534,-0.874749112,0.666,0
0.404,361.0218,-0.870952086,2.595,0
0.404,446.1831,0.872000928,4.341,0
0.404,237.1232,-0.870758939,2.723,1
0.404,338.2324,0.871639445,5.637,1
0.405,197.0471,-0.868754399,3.745,0
0.405,290.1419,-0.869561907,5.181,1
0.406,178.0513,-0.867077876,2.879,0
0.409,413.0425,-0.862612846,3.484,1
0.409,565.2029,-0.860994033,0.801,1
0.411,375.12947,0.858754863,4.074,0
0.412,216.9812,-0.855267741,2.65,0
0.412,225.0623,-0.855268299,0.658,0
0.412,405.0285,-0.855979879,0.72,0
0.413,319.0474,0.8541736,0.696,0
0.413,541.2651,-0.854021133,4.526,0
0.414,247.1288,0.853188083,0.789,1
0.417,484.0498,-0.846428289,2.566,0
0.417,243.0877,-0.846971194,4.57,1
0.417,375.2614,-0.845715663,3.928,1
0.418,559.1102,-0.844407714,0.68,0
0.418,378.1755,-0.845567422,4.358,1
0.42,295.1298,-0.840417431,3.641,0
0.42,640.3332,-0.841042738,4.371,0
0.421,135.0295,0.83935663,0.64,0
0.421,336.2167,0.839135248,5.325,1
0.422,195.051,0.836910448,0.627,0
0.422,286.1792,0.836987381,4.126,1
0.424,245.0798,0.832755818,4.776,1
0.425,625.0354,0.831867948,3.814,0
0.425,450.2132,0.830867155,5.757,1
0.425,482.1231,-0.831113164,3.477,1
0.426,526.114,0.830316215,3.463,0
0.428,274.039,0.825305779,0.769,0
0.428,359.1345,-0.8261035,3.504,0
0.429,345.0438,0.825134288,0.668,0
0.429,359.1347,-0.823496708,3.481,0
0.429,494.1144,-0.82338716,0.666,0
0.43,719.3726,-0.82267743,3.874,1
0.431,430.1728,-0.820231632,4.485,1
0.433,191.0276,0.816697387,1.165,0
0.433,180.06589,-0.816248525,2.895,1
0.434,439.1146,-0.814807453,6.219,0
0.434,543.0792,0.815287334,0.704,0
0.434,265.1556,0.814759972,3.46,1
0.435,168.0301,0.813286562,0.797,0
0.44,356.1002,-0.803766104,2.592,0
0.44,411.1279,-0.803619466,4.49,0
0.441,258.1848,-0.803187844,3.943,1
0.441,274.1778,-0.803098266,4.235,1
0.441,305.0865,-0.802640926,0.744,1
0.442,379.091,-0.801153935,3.484,0
0.442,295.048,-0.801308039,2.58,1
0.443,310.9691,-0.798573952,1.162,0
0.443,372.1861,-0.798290182,3.381,1
0.444,336.072,-0.797034642,3.762,0
0.444,284.092,0.797159403,3.463,1
0.445,1133.0047,-0.794435014,3.302,0
0.446,287.1002,-0.793124913,2.762,1
0.448,218.1033,-0.789214685,2.56,0
0.448,263.0249,-0.790281657,0.69,0
0.448,138.0551,-0.789035039,0.654,1
0.448,218.0426,-0.788946241,0.785,1
0.449,569.0956,-0.787092418,3.38,0
0.45,204.06663,-0.786775411,4.129,0
0.452,399.1658,-0.783041528,3.513,0
0.452,425.145,0.782624346,4.374,0
0.452,572.1094,0.781722938,3.326,0
0.453,261.0071,0.781570821,3.241,0
0.453,263.1025,-0.781390071,3.498,1
0.453,324.1258,0.780383946,3.118,1
0.454,330.0291,0.779789407,0.673,0
0.454,665.1833,-0.778823889,2.829,0
0.458,264.9884,0.771188015,0.68,0
0.459,279.9896,0.769775661,3.301,0
0.46,389.1038,-0.769026157,0.786,0
0.461,329.1602,-0.766195507,5.369,0
0.461,504.1824,-0.76745701,0.676,1
0.462,359.0958,-0.764371791,2.977,0
0.462,428.0941,-0.765283181,2.98,0
0.462,342.2635,0.76444952,6.518,1
0.462,395.1334,-0.765087004,4.462,1
0.462,478.2067,-0.765007578,3.637,1
0.462,480.2234,-0.764025816,4.382,1
0.463,243.0779,-0.76386929,4.486,0
0.464,311.0752,-0.761417918,3.182,0
0.464,358.1496,-0.761102367,4.728,1
0.465,177.0225,0.759898308,0.776,0
0.465,384.0537,-0.76036511,2.335,0
0.465,405.1764,-0.76040823,4.467,0
0.465,398.1421,0.758910836,3.384,1
0.466,395.08574,-0.757939689,2.92,0
0.468,350.2322,-0.754598567,5.809,1
0.469,197.0819,0.752232421,4.344,0
0.469,418.1123,-0.752250133,0.717,0
0.469,317.0855,0.752772278,0.773,1
0.471,343.0855,0.748747495,4.765,0
0.472,418.1327,0.747081205,4.164,0
0.473,271.0753,-0.746314488,2.433,1
0.473,715.3756,0.745618558,3.922,1
0.475,329.2074,-0.74298544,3.337,1
0.476,254.9816,0.739990512,0.664,0
0.476,336.0718,-0.741125104,3.292,0
0.476,344.0448,0.740732185,0.677,0
0.476,258.1241,0.740032332,0.69,1
0.477,383.053,0.738523041,3.466,0
0.477,493.0642,-0.739460695,3.179,0
0.478,403.1971,-0.736904374,3.26,0
0.478,430.2946,0.736292662,5.306,1
0.481,416.1536,0.731956791,5.683,0
0.481,479.0465,-0.732025494,3.005,0
0.481,412.2838,0.732417461,6.085,1
0.483,274.2013,0.729186848,4.449,1
0.483,523.0001,-0.729284277,5.152,1
0.484,266.1357,0.727093349,3.432,1
0.484,304.2117,0.726438252,4.122,1
0.485,262.0364,0.725032629,0.654,0
0.485,340.2479,0.725465143,6.162,1
0.486,623.0319,-0.722712555,2.6,0
0.488,191.0212,-0.720481334,0.699,0
0.488,204.9812,0.720172401,0.795,0
0.488,463.0831,-0.720580546,5.418,0
0.489,331.0911,0.717859754,3.433,0
0.489,361.0578,-0.718177752,0.686,0
0.489,202.1437,0.718809419,5.378,1
0.489,491.2279,-0.717604099,4.076,1
0.491,187.0101,0.71575555,3.824,0
0.492,335.0468,-0.713444793,0.663,0
0.493,227.9967,0.711900105,0.668,0
0.495,137.0243,-0.708594923,4.815,0
0.495,526.0995,-0.708980582,0.675,0
0.496,187.0383,-0.706162657,0.634,0
0.497,373.1514,-0.705400808,3.715,0
0.499,245.0937,-0.701982802,4.487,0
0.499,364.0958,-0.702065261,3.594,0
0.499,185.1284,0.701829166,0.796,1
0.5,461.1337,0.699878954,5.706,0
0.502,303.0712,-0.697051605,0.728,0
0.502,677.186,0.695979924,3.444,1
0.503,300.039,0.694764284,0.661,0
0.503,277.1173,0.695457476,0.79,1
0.504,596.1248,-0.692697271,2.733,0
0.504,288.2168,0.692765752,4.83,1
0.504,295.1284,0.69280492,0.813,1
0.504,416.2124,-0.693125525,3.558,1
0.505,594.3642,0.691538929,5.768,0
0.506,211.0967,-0.689211135,4.185,0
0.506,246.0383,-0.689924489,2.873,0
0.506,500.2812,-0.689029211,6.002,1
0.507,951.181,-0.688663279,3.008,0
0.508,215.0326,0.686156241,0.629,0
0.508,261.1442,0.686864634,0.8,1
0.509,519.223,0.684722106,7.484,0
0.509,289.1393,0.68426758,3.497,1
0.51,441.0612,-0.682751349,2.876,0
0.51,134.0601,0.683084278,3.31,1
0.51,400.1973,-0.68306752,6.231,1
0.511,331.1763,0.682283443,5.775,0
0.511,395.091,-0.682181891,3.521,0
0.511,436.1964,0.681921546,4.096,1
0.512,178.0515,-0.68013236,3.479,0
0.512,337.1469,-0.679621284,3.591,0
0.512,213.0757,-0.679629312,3.832,1
0.512,559.2603,0.679261815,7.463,1
0.513,165.0405,0.677554637,0.634,0
0.513,249.0966,-0.678893926,4.117,1
0.515,173.0091,-0.674916708,1.231,0
0.515,318.064,0.675677513,0.674,0
0.516,258.9916,-0.674068492,0.797,0
0.517,359.0975,-0.672396397,2.524,0
0.518,407.2801,-0.669966568,6.791,0
0.519,220.1179,-0.669124788,0.735,1
0.519,338.0865,-0.669179311,3.299,1
0.52,317.1602,0.66653955,5.227,0
0.52,457.2207,-0.666192949,6.206,0
0.521,474.1718,-0.66493422,0.703,1
0.522,137.0244,-0.663260789,4.225,0
0.522,205.0352,0.663849799,0.76,0
0.522,230.9967,0.662788244,0.757,0
0.522,665.1832,-0.662813012,2.777,0
0.524,446.1795,-0.660736799,4.499,0
0.524,313.0853,-0.659926587,3.183,1
0.525,200.1281,0.657950879,5.02,1
0.525,308.1854,-0.657975367,4.932,1
0.526,191.1076,-0.65679055,5.282,0
0.527,160.0405,0.65539273,2.57,1
0.528,343.08557,0.654453466,4.396,0
0.528,502.2964,-0.654432344,5.697,1
0.53,287.1003,-0.650140284,2.867,1
0.532,424.1599,-0.646865611,5.447,1
0.533,367.1578,0.645654595,5.796,0
0.533,254.1398,-0.64554839,5.274,1
0.534,245.0433,-0.64340529,0.63,0
0.534,301.0547,-0.644869705,0.665,0
0.537,434.1396,-0.639827116,3.922,0
0.537,539.2494,-0.638743479,4.677,0
0.537,152.0699,-0.63865085,2.312,1
0.538,276.1991,0.637536502,6.202,1
0.539,384.1171,0.635738335,0.716,1
0.54,200.1291,0.63424576,5.38,0
0.54,422.1084,-0.634699666,2.915,0
0.542,108.0216,-0.631667843,3.832,0
0.542,237.1243,-0.631952555,4.614,0
0.542,347.17,0.631078442,3.394,0
0.542,285.1441,0.630571105,0.774,1
0.543,338.0863,-0.629795166,0.805,1
0.544,237.0356,-0.627654414,3.369,0
0.544,381.0301,-0.627868567,1.155,0
0.545,198.1135,0.625985576,5.021,0
0.545,500.1902,-0.626627781,3.066,0
0.545,302.1728,-0.625920009,6.009,1
0.546,618.1838,-0.624281615,3.802,0
0.546,153.0659,0.624216092,2.108,1
0.546,239.1389,-0.624686602,4.617,1
0.549,302.1418,0.620812669,0.788,1
0.549,504.2644,-0.620364486,3.847,1
0.55,172.9915,0.618031366,3.001,0
0.55,589.3024,-0.618368216,5.037,0
0.551,209.04525,-0.61670804,3.159,0
0.551,389.0981,0.616871785,4.564,0
0.552,304.15,0.615510405,0.797,1
0.553,438.1606,-0.613876355,2.865,1
0.554,889.161,-0.61277793,3.783,0
0.554,296.1492,0.612151524,2.896,1
0.555,243.1236,0.610722243,4.74,0
0.555,276.1442,0.610694124,0.669,1
0.556,242.0115,0.609725657,0.695,0
0.557,188.9863,-0.608086754,1.166,0
0.558,348.0769,-0.605428365,2.315,0
0.559,351.0199,-0.604181176,0.667,0
0.559,491.228,0.604287733,5.918,0
0.559,590.1068,-0.604783549,3.469,0
0.561,213.076,-0.600643594,4.23,1
0.561,307.1221,0.601624338,2.208,1
0.563,396.025,0.598712323,0.663,0
0.563,481.2439,-0.59841101,5.242,0
0.564,271.0761,-0.596719953,0.756,1
0.565,267.1235,-0.59584776,7.063,0
0.565,475.2184,0.595507933,5.932,0
0.567,316.2487,0.592655127,5.914,1
0.568,258.9926,-0.591141624,3.301,0
0.568,287.0526,0.590032683,0.66,0
0.568,467.1919,0.590400965,5.446,0
0.569,571.1476,-0.588188718,4.081,0
0.569,653.1834,-0.589588734,2.294,0
0.57,212.0027,0.587092303,3.304,0
0.57,231.1009,-0.587430699,6.633,1
0.572,274.1181,0.583967034,0.778,1
0.572,319.165,0.583680255,3.812,1
0.573,370.0972,-0.582179198,3.765,0
0.574,124.0072,0.580445227,0.616,0
0.576,379.0336,0.578596178,0.708,0
0.577,370.097,-0.577032577,3.208,0
0.578,191.0524,0.5757281,0.713,0
0.579,446.2907,0.573257985,6.081,0
0.579,358.25859,0.573797191,5.127,1
0.58,260.0254,0.572607425,0.667,0
0.58,347.0881,-0.572592078,3.328,0
0.581,196.0693,-0.570443535,3.577,1
0.582,610.164,0.568456443,2.859,0
0.582,185.0912,0.569587122,0.756,1
0.583,209.0455,-0.567030182,3.749,0
0.583,606.1346,-0.567846129,2.583,1
0.584,195.0874,0.56644603,3.353,1
0.585,336.0706,0.564704186,3.376,0
0.585,385.1861,-0.564528564,4.524,0
0.585,176.0707,-0.56353047,4.755,1
0.586,364.0954,-0.563072102,0.768,0
0.587,437.0497,-0.56194282,3.488,0
0.589,263.141,0.558066647,3.465,0
0.589,611.069,-0.55806141,3.647,0
0.59,246.0109,-0.557183523,2.385,0
0.59,286.2019,0.556636673,4.654,1
0.59,420.1863,-0.557199326,3.296,1
0.591,591.3184,0.554716169,5.021,0
0.591,593.3333,0.55477294,5.048,0
0.592,381.1551,-0.553375888,6.237,0
0.592,302.2435,0.553568906,5.373,1
0.592,356.24299,0.553590281,5.634,1
0.593,385.3097,0.552748919,5.886,1
0.593,464.2281,-0.551582521,3.182,1
0.594,357.2786,0.550936918,5.926,1
0.595,149.0452,-0.549233641,0.654,0
0.595,425.2145,-0.548702554,9.778,1
0.596,206.9961,-0.548319767,0.7,0
0.596,279.0491,-0.547758431,3.95,0
0.596,241.1546,0.54784108,1.985,1
0.597,254.9941,0.545587149,3.14,0
0.597,307.2,-0.546331246,5.592,1
0.598,109.0294,0.544359417,3.11,0
0.598,258.1947,-0.544072403,3.931,1
0.6,379.0338,0.540895864,3.038,0
0.602,121.0283,-0.538129198,0.799,1
0.602,500.2849,-0.537914613,5.194,1
0.603,357.0825,0.536961065,3.399,0
0.606,298.0002,-0.532986784,3.49,0
0.607,263.1046,0.530653654,3.466,0
0.608,295.0242,0.52935403,4.354,0
0.609,264.0876,0.528214248,3.875,0
0.609,507.2079,0.527985113,4.889,0
0.61,213.9981,0.526811858,2.254,0
0.61,256.1666,-0.52594759,4.784,1
0.61,498.0952,-0.526097363,3.472,1
0.611,313.0567,-0.524487526,0.793,0
0.611,390.2632,-0.525046258,6.892,1
0.611,429.1143,-0.524639622,5.43,1
0.613,580.1297,-0.522296272,2.848,0
0.613,675.1222,0.521617194,2.643,0
0.614,669.1448,0.520144898,2.74,0
0.615,337.1446,0.518915634,4.025,0
0.615,378.1418,-0.519229595,3.378,1
0.616,1030.3123,0.518192116,3.466,0
0.616,550.1307,-0.517187988,0.664,0
0.617,549.1948,0.515476889,4.514,0
0.618,204.98127,0.514499235,2.586,0
0.618,393.2643,-0.514988172,6.229,0
0.618,549.1963,0.514729731,2.777,0
0.618,288.1937,0.514176482,3.464,1
0.62,373.1128,-0.512252473,2.656,1
0.62,532.3526,-0.511157882,10.707,1
0.621,204.1231,0.510173936,0.665,1
0.622,194.0459,-0.507985115,0.799,0
0.622,194.046,-0.507985115,0.798,0
0.623,541.26515,-0.506958978,4.807,0
0.623,193.1547,-0.507485401,0.646,1
0.623,366.2039,-0.50745554,4.917,1
0.623,450.2125,-0.507938114,4.913,1
0.623,555.3098,0.507382397,6.452,1
0.624,291.0683,-0.506221068,0.654,0
0.624,420.1859,0.505398656,3.752,1
0.626,269.1244,0.502091556,0.667,1
0.626,469.2077,0.503274379,2.929,1
0.627,235.0957,-0.501480766,5.223,0
0.628,1108.0095,0.499356153,3.804,0
0.628,397.1496,-0.499769597,4.415,0
0.628,627.3743,-0.499233219,6.176,0
0.628,338.1399,-0.499343515,3.076,1
0.629,375.054,-0.498579562,0.665,0
0.629,413.1993,0.498875957,5.357,0
0.63,397.0582,0.497140089,0.701,0
0.63,190.0499,0.49676243,3.133,1
0.631,263.1041,0.496074853,2.796,0
0.631,495.2227,-0.494849869,4.812,0
0.631,287.1004,-0.495748864,3.467,1
0.632,468.0451,-0.49466243,0.696,0
0.632,473.0995,0.494108147,3.464,0
0.632,266.1022,0.493620812,3.875,1
0.633,338.1777,0.492458367,5.232,1
0.634,296.9824,0.491086942,0.699,0
0.636,1108.00957,0.48855785,3.117,0
0.637,245.0124,-0.486284044,3.342,0
0.637,303.0365,0.486912972,0.684,0
0.638,196.0605,-0.484700307,2.921,1
0.639,395.1144,-0.483974125,4.677,0
0.639,529.121,0.483508378,5.76,0
0.64,141.0659,0.481744669,0.655,1
0.64,367.1498,0.482074705,2.362,1
0.645,258.1827,0.475503067,3.513,1
0.646,240.9816,-0.472918661,3.419,0
0.646,416.1472,0.472870311,3.465,1
0.647,458.9733,0.471944734,3.815,0
0.649,217.0161,-0.469570639,1.159,0
0.649,549.1196,-0.468808528,2.793,0
0.649,414.2998,0.469669596,5.974,1
0.65,218.0492,0.467943864,0.684,0
0.65,479.2283,-0.467368503,5.383,0
0.651,203.0017,0.466198773,3.661,0
0.651,230.9963,-0.466369983,3.838,0
0.651,328.1873,-0.466823784,2.778,1
0.652,379.1393,-0.464838856,5.891,0
0.653,415.0333,-0.463232689,3.007,1
0.653,434.1581,0.463337606,3.919,1
0.653,468.2225,0.462744136,4.941,1
0.655,326.0866,-0.459826122,0.798,0
0.655,220.1178,-0.460394602,2.562,1
0.656,227.9971,0.459428628,0.795,0
0.656,463.2334,-0.459487771,5.897,0
0.656,340.1026,-0.459099593,3.009,1
0.657,405.0648,-0.458318987,0.668,0
0.657,465.2493,-0.457748836,6.146,0
0.657,569.1751,0.457084126,3.441,0
0.657,280.1543,0.457755774,3.604,1
0.658,267.1335,-0.456522146,4.316,1
0.658,444.2226,0.455911167,4.583,1
0.659,396.1279,0.455062913,4.011,0
0.659,403.066,-0.455096769,3.865,0
0.659,445.1072,0.455156882,3.893,0
0.66,467.1506,0.453088724,5.777,0
0.66,679.1625,-0.453242576,3.856,0
0.66,553.2943,0.453579309,6.108,1
0.662,395.0628,-0.450237204,0.675,0
0.664,175.1442,0.448178767,0.616,1
0.664,755.19,0.447803677,3.465,1
0.665,272.1663,-0.44665563,5.352,1
0.667,526.2476,0.443629693,5.551,0
0.667,584.1374,0.443890967,3.972,0
0.667,144.1103,0.443431343,0.66,1
0.667,199.0965,-0.442748162,3.235,1
0.667,295.1287,0.44331899,3.186,1
0.668,282.0473,-0.44218047,0.802,0
0.669,274.0027,-0.441006729,2.51,0
0.669,497.2751,-0.440067948,5.86,0
0.67,336.1218,0.438958895,3.046,0
0.67,680.165,-0.439482445,3.608,0
0.671,312.1301,-0.438154275,2.601,1
0.671,343.2227,-0.436938254,4.522,1
0.672,261.1443,-0.436820993,3.733,1
0.674,324.0723,0.433907855,0.776,0
0.674,489.27,0.433326409,6.391,0
0.674,613.3589,0.433085941,5.89,0
0.674,331.2294,-0.433626332,4.533,1
0.675,308.0774,0.43216134,3.378,0
0.675,308.1987,-0.432518765,4.967,1
0.677,312.2162,0.429700746,5.201,1
0.678,247.062,0.428135422,0.659,0
0.679,361.0713,0.426385181,3.465,0
0.679,341.1877,-0.426267197,3.826,1
0.68,1108.00955,0.424405805,3.194,0
0.68,152.0705,-0.425063299,2.812,1
0.682,383.0464,-0.422353876,3.601,0
0.683,139.0387,-0.420233552,3.143,1
0.683,350.2065,-0.420875107,3.938,1
0.684,300.199,0.41885345,6.283,1
0.685,480.0818,0.417743447,0.682,0
0.685,601.2255,0.417576218,5.243,0
0.686,351.0566,-0.416805312,0.663,0
0.686,583.1089,-0.416580104,3.742,0
0.687,315.0338,-0.415095435,0.673,0
0.687,341.183,-0.414720076,2.936,1
0.689,442.19,0.41214736,5.313,0
0.689,475.0782,-0.411449771,0.667,0
0.689,261.14436,-0.411468177,3.263,1
0.689,304.1925,-0.412143365,4.641,1
0.69,297.1443,-0.410574045,3.938,1
0.691,173.0001,0.408679559,2.997,0
0.692,421.9984,0.408399565,3.301,0
0.693,368.9723,0.406432561,3.004,0
0.693,369.1737,0.406808547,6.099,0
0.694,194.04599,-0.405480413,2.921,0
0.694,235.057,0.404610961,0.641,0
0.694,232.0264,-0.405042088,2.519,1
0.695,501.1339,-0.403063253,4.505,0
0.695,565.3012,0.40308286,5.907,0
0.697,495.223,-0.400175634,4.067,0
0.698,355.2625,-0.400011161,6.784,1
0.699,165.0409,-0.397348497,0.76,0
0.699,394.0744,-0.397405967,0.764,1
0.7,182.0282,-0.396996919,0.77,0
0.7,464.1437,-0.396540432,2.772,0
0.7,177.102,-0.396989551,0.741,1
0.701,510.2524,0.394822777,6.169,0
0.701,528.2633,0.395022278,5.962,0
0.701,301.1221,-0.394600318,3.855,1
0.702,445.0903,0.3934293,0.667,0
0.702,378.1767,0.393376966,3.465,1
0.703,493.228,0.391828877,4.95,0
0.703,242.1504,0.392805834,4.993,1
0.703,583.1477,0.392874598,2.876,1
0.704,397.0034,0.390377772,3.815,0
0.704,471.2417,0.391240183,6.297,0
0.704,414.29982,0.39074891,5.934,1
0.707,367.1497,-0.387096056,0.741,1
0.708,433.2076,0.385319944,5.283,0
0.708,152.07,-0.386082058,0.791,1
0.709,358.2589,0.383828342,5.812,1
0.709,410.0483,-0.383819923,0.757,1
0.709,685.2837,0.383775993,4.555,1
0.71,245.0485,0.382155618,4.677,0
0.71,452.1914,-0.383088297,4.683,1
0.711,539.1147,-0.381009554,5.072,0
0.711,487.2086,-0.381568922,3.066,1
0.712,134.0963,0.380452373,0.777,1
0.713,313.0848,-0.378171874,2.276,1
0.714,244.15425,0.377502336,3.098,1
0.714,265.1195,0.377551474,3.466,1
0.717,591.3167,-0.373564338,5.042,1
0.718,230.9968,-0.370895516,3.178,0
0.718,566.3329,0.371952504,6.114,0
0.719,306.9561,0.370300684,3.814,0
0.719,347.0774,0.369510362,4.782,0
0.72,429.0423,-0.368271655,3.352,0
0.72,447.113,0.369403288,3.587,1
0.72,480.2037,0.368765668,3.652,1
0.723,394.06,-0.36481407,0.685,0
0.723,438.1601,-0.363972804,0.745,1
0.724,132.0444,0.36316205,0.791,1
0.725,167.0208,0.36163044,0.657,0
0.725,421.0582,0.36169553,5.463,0
0.725,593.3321,0.361748096,5.017,1
0.726,229.1182,0.360763056,0.667,1
0.727,618.1913,0.359078357,4.649,0
0.727,246.1699,0.359678906,0.806,1
0.728,277.0021,0.358193017,0.707,0
0.728,562.1922,-0.357191767,4.035,0
0.729,369.17378,0.356787385,5.331,0
0.729,432.1213,-0.35571301,3.706,0
0.729,565.1557,0.355728602,4.485,0
0.729,281.1132,0.355803923,2.62,1
0.731,187.0079,0.353807409,3.815,0
0.731,750.2363,0.354253658,3.468,0
0.731,284.1855,0.352970469,4.179,1
0.731,356.24291,0.353431045,4.821,1
0.731,416.3153,0.353514047,6.637,1
0.732,379.0686,-0.352554293,0.661,0
0.732,232.1543,0.35243115,0.707,1
0.733,398.0412,-0.350335938,0.681,0
0.733,412.9977,-0.350227578,3.204,0
0.733,576.1317,-0.350367557,0.792,0
0.733,217.1547,0.350789459,0.664,1
0.734,232.9759,0.349340299,0.708,0
0.734,242.0128,-0.348942599,3.535,0
0.735,181.0504,-0.347986247,3.017,0
0.737,266.1362,-0.344857177,3.431,1
0.738,350.0854,-0.344222303,0.775,1
0.738,595.3478,0.343299545,5.049,1
0.74,495.2229,0.341293529,3.594,0
0.74,624.3385,0.341106726,6.01,0
0.741,343.1674,-0.339508447,2.639,1
0.742,349.0207,-0.338279393,0.696,0
0.743,470.2865,0.337500542,6.552,1
0.744,194.045996,-0.335719869,2.735,0
0.744,149.05989,-0.335584455,7.95,1
0.746,417.2126,0.333418638,6.021,0
0.747,1093.9937,0.33230921,2.988,0
0.747,194.04596,-0.331514216,3.542,0
0.748,211.0615,-0.330566869,4.235,0
0.748,673.2558,0.33070312,7.365,0
0.749,336.0708,-0.329322068,0.807,0
0.749,448.1967,-0.32841457,3.611,1
0.75,313.0569,-0.327783767,3.13,0
0.75,360.0729,-0.327135249,0.672,0
0.75,162.1126,0.327967712,0.642,1
0.75,302.2329,0.328220699,5.39,1
0.75,312.2168,0.326971652,5.505,1
0.751,414.3361,0.326708905,5.556,1
0.752,216.981,-0.325512195,0.709,0
0.753,275.0216,-0.323051613,0.69,0
0.753,547.1102,-0.323863611,3.005,0
0.753,260.1492,0.324017143,2.107,1
0.753,422.2054,-0.323723466,3.013,1
0.753,489.2311,0.323176484,4.429,1
0.754,315.0713,-0.322482566,0.751,0
0.754,448.3052,0.321985208,5.404,1
0.755,436.1971,0.32112592,4.541,1
0.756,382.9875,0.318948441,3.002,0
0.756,121.0284,-0.319744108,2.736,1
0.757,230.0129,-0.318464551,2.513,0
0.757,385.1685,-0.318165284,4.355,0
0.757,569.1307,-0.317655325,3.754,0
0.759,263.1397,0.315663127,2.777,0
0.76,123.0452,-0.313853535,4.211,0
0.76,194.04595,-0.313677961,4.033,0
0.76,405.2644,-0.313309618,6.291,0
0.76,485.0955,-0.313318835,0.681,0
0.761,188.9864,-0.313006787,0.815,0
0.761,263.0573,-0.312694555,0.662,0
0.761,744.2195,0.312902467,3.468,0
0.761,450.1364,0.312296072,0.798,1
0.762,247.1078,-0.311155807,4.488,1
0.763,293.0743,0.309616791,2.543,0
0.763,328.2118,-0.309488051,4.717,1
0.764,242.01289,0.308699504,2.785,0
0.764,379.1607,-0.309206491,4.047,0
0.764,397.0032,0.308533403,3.133,0
0.764,418.1149,0.308138844,0.722,0
0.764,512.2682,0.308427239,6.624,0
0.764,544.2886,-0.308316929,5.154,0
0.765,189.0027,0.306970439,3.097,0
0.765,448.3058,-0.307030058,6.47,0
0.766,125.0597,-0.306207374,3.726,1
0.766,755.1895,0.306134166,2.903,1
0.768,187.0387,0.30264088,3.806,0
0.768,433.2077,-0.303399207,4.995,0
0.768,583.3118,0.30293966,5.69,0
0.769,161.0454,-0.301957842,0.768,0
0.769,404.0395,-0.302135875,3.379,0
0.769,473.0996,0.302389635,2.932,0
0.772,236.1018,-0.297492484,5.033,0
0.772,111.0439,0.297075344,0.81,1
0.772,169.0358,-0.297784883,1.154,1
0.772,303.1704,-0.297463859,6.179,1
0.773,295.0252,0.296378074,3.897,0
0.773,338.0632,-0.296187195,3.433,0
0.773,185.12844,0.296295219,2.751,1
0.774,260.0239,-0.295545544,2.686,0
0.774,199.09656,-0.294567196,3.748,1
0.774,406.1258,-0.295506778,5.43,1
0.775,541.265,-0.293745749,4.928,0
0.775,416.1915,-0.294151572,4.419,1
0.776,366.1016,0.292363392,4.846,0
0.776,367.0282,0.291824739,0.707,0
0.777,337.0556,-0.291138865,0.777,0
0.778,167.0564,0.289901556,2.346,1
0.779,188.98648,-0.288004449,2.765,0
0.779,357.0826,0.287743674,2.931,0
0.78,121.02846,0.287602967,3.689,1
0.78,196.0604,-0.287450555,4.033,1
0.78,356.1907,-0.28634147,4.001,1
0.781,265.1191,0.286137145,2.889,1
0.781,693.1579,-0.286153792,3.427,1
0.782,459.1629,0.284663628,2.778,0
0.782,629.3537,0.284557385,5.37,0
0.782,674.1395,0.284318356,3.477,0
0.782,111.044,0.284166148,2.998,1
0.782,137.0598,-0.284602848,4.484,1
0.783,308.0983,0.283461791,0.658,0
0.785,261.0232,-0.280717309,0.668,0
0.785,272.1855,-0.280598036,3.975,1
0.787,187.0075,0.278087002,3.121,0
0.787,464.1436,-0.277823621,2.856,0
0.787,452.19146,-0.277049689,4.626,1
0.789,230.0159,-0.274607854,2.501,0
0.789,594.0962,0.274995139,3.363,0
0.789,600.2843,0.274303289,4.732,0
0.789,290.1595,0.275158045,0.783,1
0.79,565.1563,0.273646477,4.799,0
0.79,448.3055,-0.273414998,6.562,1
0.792,370.0781,-0.271001995,2.895,0
0.792,383.0644,0.270858304,2.771,0
0.792,288.1983,0.270452998,5.173,1
0.793,446.2909,-0.269427047,6.562,0
0.793,331.2276,0.270160621,4.919,1
0.795,489.277,0.266790125,6.555,0
0.796,194.0546,-0.265484784,0.797,0
0.796,257.2261,-0.265730807,6.012,1
0.796,412.284,0.266037611,6.004,1
0.796,544.3373,0.265722407,4.266,1
0.798,178.05151,-0.262586612,2.811,0
0.8,181.0505,-0.26041282,0.817,0
0.8,511.2544,0.25959107,5.206,0
0.8,528.2617,0.260641283,5.454,0
0.8,380.1102,-0.260157758,4.279,1
0.8,446.2388,-0.25976339,3.483,1
0.8,505.2371,0.260731887,0.816,1
0.801,263.10416,0.259354594,2.759,0
0.801,166.0723,-0.25836015,0.669,1
0.802,465.0856,0.257607384,4.069,1
0.803,177.1283,-0.256485262,5.202,0
0.803,379.1955,0.256165943,5.602,0
0.803,388.047,0.256135483,3.398,0
0.803,290.1597,0.255798172,2.525,1
0.803,434.1523,-0.256071836,3.477,1
0.804,279.1317,0.254449449,4.044,1
0.804,340.1025,-0.255258597,3.555,1
0.806,174.0405,-0.251809687,0.655,0
0.807,230.01282,0.250930191,3.569,0
0.807,572.2528,-0.250242807,4.339,0
0.807,606.9991,0.251162824,3.815,0
0.807,384.1228,0.251423234,2.31,1
0.807,575.384,0.250305331,5.148,1
0.807,705.3808,0.250410718,3.85,1
0.808,388.0471,-0.249482684,2.937,0
0.808,240.1607,-0.248961898,5.206,1
0.809,567.3168,0.24847525,5.938,0
0.809,305.1857,0.247827383,4.623,1
0.809,618.2905,0.248790674,3.277,1
0.81,261.0072,-0.246457309,0.769,0
0.811,165.0417,0.245626183,2.342,0
0.811,371.0241,0.245758663,0.671,0
0.811,719.3715,0.24548688,3.54,1
0.812,719.3713,0.244249137,3.228,1
0.813,246.03832,-0.243045435,3.487,0
0.813,296.1628,0.242984369,4.092,1
0.816,230.0493,-0.238452122,0.666,0
0.816,137.071,-0.239523913,0.636,1
0.816,181.0717,0.238267779,0.801,1
0.816,220.0637,0.238968845,0.707,1
0.817,194.0495,-0.237691485,2.735,0
0.817,464.14374,-0.237230399,2.808,0
0.818,138.0639,0.235977245,0.655,1
0.819,1106.5217,-0.234508358,3.833,1
0.82,182.0076,0.23390728,0.788,0
0.82,203.0048,0.23367395,3.202,0
0.821,227.0554,-0.231911625,2.1,0
0.821,477.10395,-0.232414869,2.949,0
0.821,163.0755,-0.231820643,3.225,1
0.822,411.0759,-0.230631155,4.059,0
0.822,419.1155,-0.230436288,2.861,0
0.822,586.2128,-0.231307321,3.002,1
0.823,396.0904,-0.229705756,2.751,0
0.824,413.1413,0.228292037,2.988,1
0.824,579.3413,0.228554065,3.735,1
0.826,277.0349,0.225035299,0.667,0
0.826,287.0227,-0.225297736,3.548,0
0.826,495.296,0.22559907,6.494,0
0.826,302.1232,0.226136657,3.89,1
0.827,231.9926,0.224551243,0.79,0
0.827,419.1134,-0.224701274,0.748,0
0.827,203.1502,0.224420208,0.654,1
0.828,196.06046,-0.222873281,3.589,1
0.828,227.1026,0.223398252,2.542,1
0.828,567.1757,0.222713554,2.786,1
0.829,111.0085,0.221816091,0.703,0
0.829,446.2908,0.221523382,6.024,0
0.829,338.0825,0.221716427,3.449,1
0.83,531.1447,0.21973559,4.141,0
0.83,100.0756,0.220571902,0.774,1
0.831,163.123,-0.219513132,1.223,1
0.832,267.1329,-0.217927012,3.967,1
0.833,217.118,0.21586441,0.7,1
0.834,290.0877,0.214957706,0.662,0
0.834,313.999,-0.21527354,0.818,0
0.834,432.1859,-0.214919561,3.705,1
0.835,569.1299,-0.21444824,4.178,0
0.836,430.2032,0.213056907,5.342,1
0.839,245.0488,0.208489051,4.187,0
0.839,242.1115,0.208820227,4.496,1
0.839,728.3715,-0.207982349,3.305,1
0.84,509.2751,0.206609843,6.332,0
0.84,290.1739,-0.207699029,3.326,1
0.841,224.062,0.206098721,4.537,0
0.841,204.12313,0.206555197,1.146,1
0.842,163.0993,0.204953208,3.595,1
0.843,181.9916,0.203393101,0.803,0
0.843,383.153,0.20321081,4.885,0
0.843,170.0602,-0.203874951,4.487,1
0.844,210.0419,0.202510454,3.959,0
0.844,485.1661,0.20148964,4.43,0
0.844,512.1916,-0.201605176,6.018,0
0.844,364.0426,-0.202232597,0.774,1
0.844,441.1613,-0.202059385,0.696,1
0.845,574.2227,-0.20004602,0.788,1
0.846,391.0332,0.199476198,0.698,0
0.847,245.0489,0.197812995,3.748,0
0.848,212.0023,0.196389803,0.825,0
0.848,428.0955,-0.197058718,4.037,0
0.849,258.128,-0.195804171,4.17,1
0.85,330.2272,-0.193869759,4.126,1
0.851,404.0405,-0.193288881,3.511,0
0.852,717.3914,0.192004587,3.919,1
0.853,191.0203,0.190700968,0.697,0
0.853,293.0301,-0.190684021,0.685,0
0.853,477.2332,-0.189698119,5.701,0
0.853,524.0845,0.189980987,0.705,0
0.855,230.0139,-0.187994929,0.763,0
0.855,370.0981,-0.18812698,3.747,0
0.855,166.1216,0.187526662,0.797,1
0.855,432.2483,0.188128703,2.831,1
0.856,167.0562,0.186546978,0.774,1
0.857,173.0089,0.18535467,0.672,0
0.857,313.995,-0.184251197,4.031,0
0.857,310.1653,-0.18533774,3.385,1
0.858,131.0349,0.183484402,0.8,0
0.858,224.056,0.183730805,3.685,1
0.858,311.1563,0.182994955,5.057,1
0.859,265.1192,-0.181817162,4.316,0
0.86,374.1378,0.181100921,5.008,0
0.861,583.31189,-0.179784786,5.932,0
0.862,351.07,0.178330606,3.888,0
0.862,481.0163,0.177832675,4.286,0
0.862,497.2379,-0.178392233,4.163,0
0.862,507.2078,0.178007548,4.607,0
0.864,246.0753,-0.17590917,3.721,0
0.864,283.0822,0.17569559,3.893,0
0.865,571.1469,-0.174590623,3.618,0
0.867,283.08224,0.171331929,3.328,0
0.867,246.17,0.171394657,3.238,1
0.868,175.0611,-0.170728513,3.177,0
0.868,203.00216,0.169894048,2.888,0
0.869,167.0211,-0.169751892,1.15,0
0.869,326.1962,-0.16884485,5.293,1
0.87,388.0479,0.167483112,3.472,0
0.87,148.112,0.168253258,2.583,1
0.871,436.15589,0.166426008,2.94,1
0.872,366.1015,-0.164853012,5.18,0
0.873,448.1364,-0.164498932,3.004,1
0.874,511.2909,0.162195053,6.014,0
0.874,579.0457,0.163214161,0.796,0
0.875,347.079,-0.161273389,0.706,0
0.875,372.1116,0.161228126,3.914,0
0.875,328.1026,0.161725692,3.567,1
0.876,337.056,-0.160724645,3.104,0
0.876,383.1529,-0.159727561,4.559,0
0.878,237.0359,-0.15759915,3.933,0
0.878,183.0645,-0.158022701,2.074,1
0.881,302.1423,-0.154057022,3.205,1
0.883,199.0975,-0.150510133,5.017,0
0.884,366.1127,-0.14971917,3.577,1
0.885,181.9917,0.148532778,2.823,0
0.885,274.0026,-0.148851458,0.671,0
0.885,324.07237,0.148815868,2.134,0
0.885,482.2186,-0.14803352,4.626,0
0.885,166.0862,-0.148327763,0.727,1
0.886,231.0308,0.146913633,0.666,0
0.886,640.3334,0.147045304,5.395,0
0.886,242.1417,0.147503746,4.559,1
0.886,606.2801,0.146622854,3.463,1
0.888,502.1148,0.144636421,5.219,0
0.89,372.1099,0.142234809,3.404,0
0.89,509.2379,-0.141314799,5.991,0
0.89,276.14423,0.141945254,2.061,1
0.891,370.0786,-0.140796655,0.733,0
0.891,247.1076,-0.140824455,4.297,1
0.892,374.0316,0.139583595,2.965,0
0.893,480.1372,-0.138277498,3.468,0
0.893,121.02848,0.13790821,3.033,1
0.893,377.1448,0.13809325,3.492,1
0.893,444.3097,0.137496515,5.039,1
0.893,458.1454,-0.137882129,0.678,1
0.895,296.0197,0.13517431,0.697,0
0.895,167.0563,0.135430099,2.234,1
0.896,242.1325,0.133482649,4.563,1
0.897,467.2645,0.133228782,5.878,0
0.899,449.254,-0.130248135,8.044,0
0.899,464.1438,0.130613775,3.474,0
0.9,238.0776,0.128743978,4.607,0
0.902,275.0221,-0.12607477,0.754,0
0.903,301.0563,0.12466523,0.774,0
0.903,205.097,0.124444995,0.801,1
0.904,387.1658,0.124146422,5.117,0
0.905,227.9972,0.122643926,2.377,0
0.905,230.0135,-0.122988996,0.791,0
0.905,391.1124,0.122056694,0.79,0
0.907,352.0859,-0.119568898,5.224,0
0.907,312.1299,0.12035703,0.786,1
0.908,313.9951,-0.118220544,2.734,0
0.908,651.3856,-0.118061062,5.28,0
0.909,324.07239,0.117456524,2.857,0
0.91,278.1335,-0.11556511,0.718,1
0.911,191.1105,-0.114468007,5.283,0
0.912,212.0937,0.113568039,3.815,0
0.912,608.1059,-0.113404873,3.3,0
0.913,195.0512,0.112150849,0.787,0
0.913,389.1814,-0.111605802,5.311,0
0.913,218.1386,0.112163749,2.048,1
0.913,326.0869,0.111579064,2.134,1
0.914,411.0787,-0.110761225,0.764,0
0.916,305.1604,0.10822382,5.512,0
0.916,551.2103,-0.108143578,2.591,1
0.917,195.0514,-0.106440724,2.765,0
0.917,328.248,-0.106971378,6.21,1
0.918,263.0816,-0.105779511,7.148,1
0.919,325.1883,-0.104715486,3.576,1
0.919,342.1686,-0.104790941,3.782,1
0.92,247.1424,-0.102818441,0.808,1
0.921,148.1122,0.101166643,0.753,1
0.921,912.3994,0.101771906,3.075,1
0.922,181.0704,0.099982283,2.671,1
0.922,304.129,0.100441981,3.69,1
0.923,248.0596,0.098803218,0.808,0
0.923,354.1007,0.099445554,4.717,0
0.923,432.3103,-0.099588947,6.468,1
0.924,222.0406,-0.097563232,3.686,0
0.924,373.1139,-0.097247228,4.04,0
0.925,461.2388,-0.096060122,5.842,0
0.925,532.1906,0.096018418,0.792,1
0.926,212.0065,0.095726058,4.503,0
0.926,319.1649,0.095724304,4.258,1
0.927,486.1199,0.094419574,5.689,0
0.927,166.0863,-0.09403203,2.395,1
0.927,508.28,0.094292845,2.988,1
0.928,363.0692,-0.093297761,4.266,0
0.931,354.1009,-0.088957742,5.03,0
0.932,368.0804,0.087141372,3.895,0
0.933,496.198,0.086310519,6.048,0
0.933,466.2058,-0.086222692,4.763,1
0.934,302.1145,-0.085027723,3.69,0
0.935,183.0644,0.084100701,2.192,1
0.937,220.0638,-0.081191183,2.227,1
0.937,274.2138,-0.081548508,4.28,1
0.937,300.2168,-0.081435227,5.214,1
0.937,308.2029,0.081332056,4.983,1
0.937,400.269,0.080950858,4.886,1
0.939,744.2193,0.078889474,2.763,0
0.939,181.0609,-0.078641982,3.097,1
0.941,218.1032,-0.076031275,0.748,0
0.941,310.9761,-0.076078531,0.719,0
0.941,509.27513,-0.075982749,5.084,0
0.942,194.0458,-0.074325214,3.657,0
0.942,503.1571,-0.073984817,3.796,1
0.943,160.1332,-0.073396135,0.662,1
0.943,432.3465,-0.073121473,4.852,1
0.944,473.1448,-0.071923011,4.73,0
0.944,464.1911,-0.071678915,4.995,1
0.945,530.2018,-0.070383947,4.016,1
0.946,246.0752,0.069903939,4.139,0
0.947,502.2071,-0.067544177,0.806,0
0.948,211.0613,-0.066606719,3.866,0
0.948,357.0823,0.067129993,0.779,0
0.948,573.2395,0.066713525,6.305,0
0.948,484.2903,-0.06694824,6.142,1
0.948,501.2038,0.066681803,4.801,1
0.949,218.9964,0.065233521,3.175,0
0.949,276.1375,0.066210505,2.825,1
0.95,363.0701,0.064277804,4.451,0
0.95,573.2393,0.064799766,7.26,0
0.951,567.317,0.06298043,6.697,0
0.951,410.1446,-0.062570155,4.093,1
0.952,407.27997,-0.061282484,5.411,0
0.952,645.1896,-0.062048549,3.451,0
0.953,448.1961,-0.060754255,5.778,0
0.954,357.2787,0.059062465,6.664,1
0.955,223.0982,-0.058015372,5.267,0
0.955,560.3058,0.057856327,5.064,1
0.956,380.0301,-0.056379108,1.155,0
0.956,543.3195,0.056627521,5.303,1
0.957,205.0971,0.055153209,2.931,1
0.958,525.27,0.053908203,5.101,0
0.958,309.1689,0.05452829,5.025,1
0.958,366.1108,-0.054234865,0.7,1
0.961,341.1234,-0.049989119,4.519,0
0.961,462.1766,-0.050358163,4.998,0
0.961,262.1648,0.049955127,2.169,1
0.962,276.1366,-0.049416531,0.762,1
0.963,247.0277,-0.04730142,0.755,0
0.963,177.1123,-0.047371285,4.741,1
0.963,286.1445,0.047740273,2.886,1
0.964,149.0089,-0.046338868,0.649,0
0.964,61.0395,0.045863433,0.663,1
0.967,217.0162,-0.042279243,0.671,0
0.968,259.129,-0.040992823,3.733,0
0.968,377.1019,-0.040572263,5.09,0
0.968,422.1067,0.041682764,0.783,0
0.968,322.1811,0.04158136,5.096,1
0.969,232.1544,0.040485299,2.651,1
0.969,504.2224,0.039999259,3.279,1
0.97,509.2752,0.038263347,5.821,0
0.97,338.1737,0.038239564,6.007,1
0.97,575.2542,-0.03847934,6.292,1
0.971,536.1898,-0.037867453,4.583,0
0.971,134.0964,0.037154458,2.689,1
0.972,171.0487,0.035626916,4.824,0
0.972,337.1754,0.035991232,3.847,1
0.973,541.1207,-0.034685536,0.663,0
0.974,145.0141,0.033841107,0.693,0
0.974,232.005,0.033607511,0.705,0
0.974,240.0954,-0.033886587,4.039,1
0.975,416.3152,0.032210217,4.924,1
0.975,420.1268,0.03182094,2.836,1
0.976,367.2123,-0.031137869,5.512,0
0.976,379.16073,0.030958254,3.652,0
0.978,247.1441,0.028354187,3.239,1
0.979,229.0539,-0.027148984,5.383,0
0.979,338.0879,-0.026830154,3.557,0
0.979,434.1403,-0.026838897,3.73,1
0.98,529.162,0.025463689,5.829,0
0.98,592.3019,-0.026283404,3.483,1
0.981,178.0526,-0.024715666,3.481,0
0.981,310.2375,0.024699442,5.158,1
0.981,325.1697,0.024113444,5.177,1
0.981,576.1819,-0.025017354,0.788,1
0.982,476.0359,-0.022527284,3.919,0
0.982,146.0812,0.022522183,0.71,1
0.982,244.1269,0.023470038,4.537,1
0.982,416.3517,0.023464602,5.027,1
0.984,324.0682,-0.020498923,6.363,0
0.984,166.131,-0.019955018,0.809,1
0.984,418.1658,0.020791504,4.047,1
0.985,334.0517,0.019345249,3.708,0
0.986,243.0617,0.018485538,0.662,0
0.987,381.0802,-0.01635313,3.385,0
0.987,400.2173,-0.016506896,3.807,1
0.988,166.1226,0.014823109,2.55,1
0.988,183.0655,0.014993682,4.503,1
0.988,226.9516,0.015319199,0.553,1
0.989,505.236,-0.014441266,2.917,1
0.99,307.0326,-0.013192452,0.669,0
0.99,419.2281,-0.012210692,6.362,0
0.99,300.217,-0.013319167,5.005,1
0.99,450.213,-0.01263227,5.045,1
0.991,325.1288,-0.011512683,5.321,0
0.992,175.0975,-0.010336584,4.743,0
0.992,603.4563,-0.01062509,5.393,1
0.994,203.0814,0.008340897,0.73,1
0.995,291.0345,-0.00648291,0.717,0
0.995,308.168,-0.006880952,5.004,1
0.995,340.1336,0.006059675,2.71,1
0.995,344.2542,0.007031865,4.012,1
0.996,262.9863,-0.004862074,0.693,0
1,304.1297,1.16e-05,3.192,1
